algorithm,fit_time,score_time,F1_cv,recall_cv,precision_cv,accuracy_cv,accuracy_val,precision_val,recall_val,f1_val,matthews_corrcoef_val,sensitivity
SVC,2.2762542247772215,0.15544552803039552,0.9166184212411072,0.9194722935367203,0.9328680585498365,0.9194722935367203,0.931629392971246,0.946624120852455,0.931629392971246,0.9327778035754515,0.9131704932539711,0.931629392971246
KNN,0.007407045364379883,0.02505030632019043,0.9885073290282259,0.9884972733916758,0.9886177012608837,0.9884972733916758,0.9929712460063898,0.9929716993274657,0.9929712460063898,0.9929690378822909,0.9906166102614283,0.9929712460063898
DecisionTree,0.013400459289550781,0.007393026351928711,1.0,1.0,1.0,1.0,1.0,1.0,1.0,1.0,1.0,1.0
RandomForest,0.9735706329345704,0.03825569152832031,1.0,1.0,1.0,1.0,1.0,1.0,1.0,1.0,1.0,1.0
AdaBoost,0.322877836227417,0.027186250686645506,1.0,1.0,1.0,1.0,1.0,1.0,1.0,1.0,1.0,1.0
GradientBoosting,1.066307258605957,0.010901641845703126,1.0,1.0,1.0,1.0,1.0,1.0,1.0,1.0,1.0,1.0
ExtraTrees-ensemble,0.9087475299835205,0.06302342414855958,0.9652091682135332,0.9652122256994546,0.965409512315607,0.9652122256994546,0.979552715654952,0.9796873506454791,0.979552715654952,0.9795899759618393,0.9727237177402827,0.979552715654952
