algorithm,fit_time,score_time,F1_cv,recall_cv,precision_cv,accuracy_cv,accuracy_val,precision_val,recall_val,f1_val,matthews_corrcoef_val,sensitivity
SVC,2.4987229824066164,0.2182854652404785,0.9166184212411072,0.9194722935367203,0.9328680585498365,0.9194722935367203,0.931629392971246,0.946624120852455,0.931629392971246,0.9327778035754515,0.9131704932539711,0.931629392971246
KNN,0.00995321273803711,0.038678216934204104,0.9885073290282259,0.9884972733916758,0.9886177012608837,0.9884972733916758,0.9929712460063898,0.9929716993274657,0.9929712460063898,0.9929690378822909,0.9906166102614283,0.9929712460063898
DecisionTree,0.013892173767089844,0.007367944717407227,1.0,1.0,1.0,1.0,1.0,1.0,1.0,1.0,1.0,1.0
RandomForest,0.8932569980621338,0.03812112808227539,1.0,1.0,1.0,1.0,1.0,1.0,1.0,1.0,1.0,1.0
AdaBoost,0.26969470977783205,0.02330007553100586,1.0,1.0,1.0,1.0,1.0,1.0,1.0,1.0,1.0,1.0
GradientBoosting,1.0516654014587403,0.01095595359802246,1.0,1.0,1.0,1.0,1.0,1.0,1.0,1.0,1.0,1.0
ExtraTrees-ensemble,0.8622936725616455,0.060769844055175784,0.9654978466639854,0.9654899462174166,0.965655854487844,0.9654899462174166,0.9725239616613418,0.9726977768943724,0.9725239616613418,0.9725398760644041,0.9633684287720318,0.9725239616613418
