algorithm,fit_time,score_time,F1_cv,recall_cv,precision_cv,accuracy_cv,accuracy_val,precision_val,recall_val,f1_val,matthews_corrcoef_val,sensitivity
SVC,2.2729398250579833,0.12244820594787598,0.9166184212411072,0.9194722935367203,0.9328680585498365,0.9194722935367203,0.931629392971246,0.946624120852455,0.931629392971246,0.9327778035754515,0.9131704932539711,0.931629392971246
KNN,0.008233642578125,0.02960681915283203,0.9885073290282259,0.9884972733916758,0.9886177012608837,0.9884972733916758,0.9929712460063898,0.9929716993274657,0.9929712460063898,0.9929690378822909,0.9906166102614283,0.9929712460063898
DecisionTree,0.013762187957763673,0.007705116271972656,1.0,1.0,1.0,1.0,1.0,1.0,1.0,1.0,1.0,1.0
RandomForest,1.0525593280792236,0.04618086814880371,1.0,1.0,1.0,1.0,1.0,1.0,1.0,1.0,1.0,1.0
AdaBoost,0.2793896198272705,0.024187707901000978,1.0,1.0,1.0,1.0,1.0,1.0,1.0,1.0,1.0,1.0
GradientBoosting,0.990983247756958,0.011236095428466797,1.0,1.0,1.0,1.0,1.0,1.0,1.0,1.0,1.0,1.0
ExtraTrees-ensemble,0.7953512668609619,0.06410741806030273,0.9633023781360578,0.9632959166463655,0.9634165562242958,0.9632959166463655,0.9814696485623003,0.981553888869798,0.9814696485623003,0.981493616829563,0.9752754015885401,0.9814696485623003
