algorithm,fit_time,score_time,F1_cv,recall_cv,precision_cv,accuracy_cv,accuracy_val,precision_val,recall_val,f1_val,matthews_corrcoef_val,sensitivity
SVC,2.1904924392700194,0.14670171737670898,0.9166184212411072,0.9194722935367203,0.9328680585498365,0.9194722935367203,0.931629392971246,0.946624120852455,0.931629392971246,0.9327778035754515,0.9131704932539711,0.931629392971246
KNN,0.007704973220825195,0.024220705032348633,0.9885073290282259,0.9884972733916758,0.9886177012608837,0.9884972733916758,0.9929712460063898,0.9929716993274657,0.9929712460063898,0.9929690378822909,0.9906166102614283,0.9929712460063898
DecisionTree,0.013968181610107423,0.00725555419921875,1.0,1.0,1.0,1.0,1.0,1.0,1.0,1.0,1.0,1.0
RandomForest,0.9676328182220459,0.04401869773864746,1.0,1.0,1.0,1.0,1.0,1.0,1.0,1.0,1.0,1.0
AdaBoost,0.3669430255889893,0.030179691314697266,1.0,1.0,1.0,1.0,1.0,1.0,1.0,1.0,1.0,1.0
GradientBoosting,1.0458067417144776,0.010650634765625,1.0,1.0,1.0,1.0,1.0,1.0,1.0,1.0,1.0,1.0
ExtraTrees-ensemble,0.89266037940979,0.0628626823425293,0.9668675409283422,0.9668583100650263,0.9670239966282421,0.9668583100650263,0.9744408945686901,0.9746895335976314,0.9744408945686901,0.9745052071395274,0.9659253454493993,0.9744408945686901
