description,siluetas,calinski,davies,entropy
k_means_k_4,0.4339181820119216,16389.61174710349,0.734357395567248,1.3287683432526596
minibatch_k_means_k_4,0.4359346289835183,16613.641729148447,0.738919264435685,1.2539937592973145
Agglomerative_k_4,0.40450767800428783,15049.804035715011,0.7638000719417263,1.302109880356094
Birch_k_4,0.4022356393300232,14141.685123442272,0.7162515708224176,1.2245584430880974
Spectral_k_4,0.21033730947821516,3009.712060537684,2.008768957052361,1.005417039506682
OPTICS,-0.7170860683814112,5.718453449359888,2.1702625672626548,0.5262245980735918
MeanShift,0.5402539228107587,11952.602888745192,0.5993794306603702,0.459084664309269
AffinityPropagation,0.08939009692481963,3143.797632721997,2.202589423771448,4.38201850272537
