algorithm,fit_time,score_time,MSE_cv,MAE_cv,R2_cv,MSE_val,MAE_val,R2_val,ExplainedVariance,MAPE
LinearRegression,0.00439453125,0.003076791763305664,-0.2774947375476852,-0.44743331753877047,0.2621411666474094,0.29009800404982167,0.4622611999944166,0.26563013292036985,0.2657757099525563,10256119985488.371
ElasticNet,0.005753803253173828,0.0033566951751708984,-0.3095970018955142,-0.4717676071469392,0.17693824076996428,0.32519436468280627,0.4883288621532478,0.17678529657810638,0.17688918386103536,8441106921240.813
DecisionTree,0.03382992744445801,0.0023638248443603516,-0.46355382458326844,-0.5481476865555381,-0.23313248673413062,0.4434480038200428,0.5226275250690307,-0.1225683978374561,-0.12171959253831921,19438585806266.156
RandomForest,2.4322582721710204,0.03288025856018066,-0.23468467403467383,-0.40409802149867585,0.3756362975028632,0.2386821312516868,0.41088010463595404,0.3957870700431252,0.3957873558302448,5314522449390.579
GradientBoosting,0.5889710903167724,0.004115915298461914,-0.24279996891314642,-0.4166503619843297,0.35428654009471605,0.2492797719100058,0.4270784565727951,0.3689596260312359,0.36896519569749986,7023335982070.916
SVR,0.5608486652374267,0.1726139545440674,-0.28547362985886215,-0.4547398154462501,0.2410724083841727,0.2952978510398092,0.4673404952497595,0.25246695740877356,0.25290787302091455,8813271213100.354
